"Symbol  ","Series  ","Date  ","Prev Close  ","Open Price  ","High Price  ","Low Price  ","Last Price  ","Close Price  ","Average Price ","Total Traded Quantity  ","Turnover ₹  ","No. of Trades  ","Deliverable Qty  ","% Dly Qt to Traded Qty  "
"ITC","EQ","07-Oct-2024","503.55","507.00","514.95","506.75","510.00","510.20","511.03","1,64,79,772","8,42,16,88,874.45","2,16,682","77,25,735","46.88"
"ITC","EQ","08-Oct-2024","510.20","510.00","512.55","506.00","508.50","507.95","508.84","95,02,367","4,83,52,22,369.05","1,40,127","56,30,193","59.25"
"ITC","EQ","09-Oct-2024","507.95","509.80","509.80","490.55","492.50","491.70","499.12","2,39,52,459","11,95,51,85,952.75","2,78,280","1,49,72,422","62.51"
"ITC","EQ","10-Oct-2024","491.70","495.35","495.65","489.45","493.00","492.05","492.72","1,27,99,333","6,30,64,80,747.25","1,99,193","67,92,403","53.07"
"ITC","EQ","11-Oct-2024","492.05","493.00","493.95","487.40","488.95","488.20","489.06","1,43,94,986","7,03,99,78,268.90","1,58,339","94,06,797","65.35"
"ITC","EQ","14-Oct-2024","488.20","491.00","499.00","488.65","496.75","496.95","495.16","67,12,103","3,32,35,90,493.55","1,28,200","35,10,780","52.31"
"ITC","EQ","15-Oct-2024","496.95","498.00","499.40","494.50","498.00","498.55","497.33","80,37,662","3,99,73,96,320.95","1,18,170","57,03,322","70.96"
"ITC","EQ","16-Oct-2024","498.55","496.00","498.85","492.35","493.10","493.20","495.30","66,82,083","3,30,96,53,123.20","1,17,691","38,54,424","57.68"
"ITC","EQ","17-Oct-2024","493.20","495.00","495.00","488.00","489.00","488.90","490.71","73,85,299","3,62,40,29,088.45","1,06,788","40,96,098","55.46"
"ITC","EQ","18-Oct-2024","488.90","488.75","491.55","478.40","486.15","486.70","482.63","2,17,78,099","10,51,08,19,521.05","1,89,101","1,44,81,644","66.50"
"ITC","EQ","21-Oct-2024","486.70","486.70","487.60","477.35","483.10","483.65","483.40","73,95,274","3,57,48,75,531.85","1,35,775","41,29,781","55.84"
"ITC","EQ","22-Oct-2024","483.65","483.65","488.40","480.80","482.50","481.80","483.80","1,22,99,288","5,95,04,54,269.80","1,94,079","86,27,959","70.15"
"ITC","EQ","23-Oct-2024","481.80","481.00","483.30","479.50","480.70","480.35","480.88","1,01,62,570","4,88,70,14,877.45","1,30,143","67,93,788","66.85"
"ITC","EQ","24-Oct-2024","480.35","482.00","482.40","470.00","470.70","471.70","474.32","1,30,92,399","6,20,99,65,225.20","2,40,152","83,81,883","64.02"
"ITC","EQ","25-Oct-2024","471.70","475.80","493.50","474.20","482.25","482.30","486.29","3,09,61,625","15,05,62,61,874.00","3,79,810","1,15,84,087","37.41"
"ITC","EQ","28-Oct-2024","482.30","481.95","485.90","476.00","484.00","484.15","482.79","86,14,446","4,15,89,85,648.85","1,13,970","44,84,756","52.06"
"ITC","EQ","29-Oct-2024","484.15","485.00","489.20","481.30","488.00","487.95","486.12","68,66,704","3,33,80,33,179.65","1,11,564","38,84,092","56.56"
"ITC","EQ","30-Oct-2024","487.95","487.95","493.25","486.50","491.80","491.55","490.85","63,93,835","3,13,83,98,995.85","92,835","39,89,218","62.39"
"ITC","EQ","31-Oct-2024","491.55","492.00","493.00","484.70","489.25","488.80","487.80","78,10,874","3,81,01,27,063.40","1,61,609","46,80,175","59.92"
"ITC","EQ","01-Nov-2024","488.80","491.00","492.10","489.30","489.95","490.30","490.89","14,61,602","71,74,91,831.90","54,687","7,81,794","53.49"
"ITC","EQ","04-Nov-2024","490.30","493.45","493.45","479.55","485.25","484.60","483.55","84,29,731","4,07,61,59,422.90","1,70,904","49,97,006","59.28"
"ITC","EQ","05-Nov-2024","484.60","482.95","485.05","476.95","480.95","480.20","479.98","73,27,830","3,51,72,42,119.05","1,50,450","41,25,133","56.29"
"ITC","EQ","06-Nov-2024","480.20","480.20","484.40","478.00","481.95","481.10","480.83","1,13,13,985","5,44,01,09,205.55","1,40,673","72,42,449","64.01"
"ITC","EQ","07-Nov-2024","481.10","481.75","482.70","476.10","478.00","477.90","477.82","89,24,280","4,26,41,65,090.20","1,32,407","53,93,508","60.44"
"ITC","EQ","08-Nov-2024","477.90","477.90","480.70","474.60","478.80","478.05","477.78","60,90,462","2,90,99,20,473.35","1,05,996","34,54,982","56.73"
"ITC","EQ","11-Nov-2024","478.05","478.05","481.50","474.10","477.30","476.95","478.38","54,88,948","2,62,58,14,462.70","1,23,605","33,00,121","60.12"
"ITC","EQ","12-Nov-2024","476.95","477.60","477.95","471.15","471.90","472.85","474.91","50,41,916","2,39,44,32,824.50","1,29,476","32,95,131","65.35"
"ITC","EQ","13-Nov-2024","472.85","470.05","474.70","468.25","472.00","472.20","471.96","1,11,20,381","5,24,84,10,369.00","1,88,101","75,21,950","67.64"
"ITC","EQ","14-Nov-2024","472.20","471.20","472.95","462.25","467.00","465.95","465.91","1,16,39,562","5,42,29,31,558.70","2,30,824","60,82,557","52.26"
"ITC","EQ","18-Nov-2024","465.95","466.00","467.80","462.00","467.40","466.55","464.79","81,35,260","3,78,11,91,097.20","1,83,896","46,99,705","57.77"
"ITC","EQ","19-Nov-2024","466.55","468.00","473.75","466.25","466.60","467.35","471.03","68,57,374","3,23,00,38,399.65","1,11,105","44,78,830","65.31"
"ITC","EQ","21-Nov-2024","467.35","461.00","464.05","455.40","457.00","457.15","458.53","1,95,59,847","8,96,87,97,499.25","2,36,495","1,27,26,681","65.07"
"ITC","EQ","22-Nov-2024","457.15","456.20","476.50","455.50","474.00","474.65","465.47","1,94,64,568","9,06,02,24,659.45","1,78,132","1,11,68,893","57.38"
"ITC","EQ","25-Nov-2024","474.65","479.00","482.20","472.40","478.15","476.80","476.97","1,38,91,991","6,62,60,51,098.65","1,37,597","81,94,335","58.99"
"ITC","EQ","26-Nov-2024","476.80","480.00","482.65","474.10","477.00","477.00","476.76","65,39,846","3,11,79,27,466.80","1,24,209","33,60,474","51.38"
"ITC","EQ","27-Nov-2024","477.00","477.50","480.10","473.00","476.95","476.95","475.67","70,67,013","3,36,15,55,101.90","92,526","37,97,294","53.73"
"ITC","EQ","28-Nov-2024","476.95","477.00","483.80","470.55","475.55","474.90","476.02","1,44,12,539","6,86,05,90,338.25","1,97,328","66,09,296","45.86"
"ITC","EQ","29-Nov-2024","474.90","473.20","478.90","472.60","477.00","476.75","476.39","83,46,687","3,97,63,06,074.10","1,26,718","47,78,661","57.25"
"ITC","EQ","02-Dec-2024","476.75","476.00","479.30","473.40","477.40","477.20","476.84","54,78,598","2,61,23,98,108.20","1,05,775","32,74,668","59.77"
"ITC","EQ","03-Dec-2024","477.20","466.00","473.40","462.75","472.55","472.55","469.06","2,22,18,251","10,42,16,81,081.05","2,89,294","1,14,68,158","51.62"
"ITC","EQ","04-Dec-2024","472.55","474.40","478.20","466.40","467.20","467.10","470.88","1,34,39,484","6,32,83,46,244.15","1,84,751","83,99,289","62.50"
"ITC","EQ","05-Dec-2024","467.10","467.55","472.75","462.50","467.70","467.50","468.00","2,64,15,053","12,36,22,22,644.55","2,80,989","1,47,12,940","55.70"
"ITC","EQ","06-Dec-2024","467.50","470.00","474.95","467.70","471.95","471.15","472.38","75,51,407","3,56,71,34,560.35","1,18,458","32,79,177","43.42"
"ITC","EQ","09-Dec-2024","471.15","471.50","472.00","462.95","465.20","464.95","467.02","1,17,03,384","5,46,56,95,132.70","1,60,632","73,32,585","62.65"
"ITC","EQ","10-Dec-2024","464.95","465.35","466.45","462.60","465.35","465.45","464.64","88,23,805","4,09,99,16,466.30","1,37,180","58,03,821","65.77"
"ITC","EQ","11-Dec-2024","465.45","467.20","468.20","464.70","465.25","465.25","466.13","67,45,816","3,14,44,31,682.05","1,08,407","36,33,100","53.86"
"ITC","EQ","12-Dec-2024","465.25","465.50","467.90","459.15","460.85","460.60","462.32","1,28,84,401","5,95,67,25,495.60","1,65,742","69,64,126","54.05"
"ITC","EQ","13-Dec-2024","460.60","460.00","474.40","451.65","471.00","470.00","464.46","3,17,53,858","14,74,84,33,018.55","2,49,426","1,75,12,410","55.15"
"ITC","EQ","16-Dec-2024","470.00","470.25","474.40","468.00","470.00","470.10","470.12","90,07,264","4,23,44,93,701.85","1,53,567","47,81,612","53.09"
"ITC","EQ","17-Dec-2024","470.10","470.00","475.80","463.05","470.70","469.55","470.32","1,98,44,152","9,33,30,64,294.30","2,35,005","86,72,882","43.70"
"ITC","EQ","18-Dec-2024","469.55","472.70","473.80","466.90","471.25","470.50","470.47","1,23,65,167","5,81,74,85,040.30","1,71,373","63,17,433","51.09"
"ITC","EQ","19-Dec-2024","470.50","469.00","474.35","465.30","466.00","466.55","468.63","1,45,99,270","6,84,16,13,826.05","2,08,360","84,70,164","58.02"
"ITC","EQ","20-Dec-2024","466.55","466.50","467.45","459.30","465.65","464.65","463.94","1,94,81,288","9,03,81,76,739.25","2,41,995","1,02,33,036","52.53"
"ITC","EQ","23-Dec-2024","464.65","471.20","477.70","467.60","474.50","474.25","473.08","1,88,37,469","8,91,16,59,177.30","2,40,219","1,17,23,502","62.24"
"ITC","EQ","24-Dec-2024","474.25","474.90","480.25","472.65","478.25","478.45","478.09","1,15,64,497","5,52,88,95,414.85","1,72,646","75,49,163","65.28"
"ITC","EQ","26-Dec-2024","478.45","480.55","481.85","476.00","477.00","476.95","478.43","88,48,065","4,23,31,60,326.90","1,48,089","50,18,964","56.72"
"ITC","EQ","27-Dec-2024","476.95","479.75","481.90","476.00","479.70","478.60","479.17","1,62,79,450","7,80,06,52,449.55","1,66,926","1,00,11,016","61.49"
"ITC","EQ","30-Dec-2024","478.60","480.75","481.45","476.00","476.80","477.00","478.45","1,30,74,810","6,25,56,56,373.25","1,58,954","98,83,713","75.59"
"ITC","EQ","31-Dec-2024","477.00","478.45","484.65","474.55","484.45","483.65","479.83","1,32,76,195","6,37,02,64,307.20","1,52,025","91,57,073","68.97"
"ITC","EQ","01-Jan-2025","483.65","486.00","486.85","482.15","484.70","483.95","484.93","1,82,29,128","8,83,99,30,024.40","1,64,587","1,32,09,445","72.46"
"ITC","EQ","02-Jan-2025","483.95","485.35","490.00","482.30","489.50","489.05","486.22","2,61,24,980","12,70,24,91,020.45","2,24,779","2,13,81,955","81.84"
"ITC","EQ","03-Jan-2025","489.05","490.25","491.00","479.85","483.95","481.60","482.67","3,70,72,992","17,89,39,61,935.85","2,27,193","2,53,89,838","68.49"
"ITC","EQ","06-Jan-2025","481.60","455.60","461.75","441.25","445.35","442.65","450.15","2,20,09,958","9,90,77,71,203.05","2,86,532","1,32,11,468","60.02"
"ITC","EQ","07-Jan-2025","442.65","445.50","447.60","440.15","441.10","441.10","442.97","1,42,94,780","6,33,20,98,307.30","1,80,441","96,00,674","67.16"
"ITC","EQ","08-Jan-2025","441.10","443.00","452.05","437.10","449.65","449.55","444.83","1,34,82,926","5,99,76,60,207.25","1,63,390","74,23,150","55.06"
"ITC","EQ","09-Jan-2025","449.55","449.40","460.65","446.05","450.45","450.10","452.64","1,97,32,649","8,93,18,46,709.45","2,14,398","1,20,20,193","60.92"
"ITC","EQ","10-Jan-2025","450.10","449.95","452.00","442.50","443.85","444.90","445.59","91,45,729","4,07,52,02,264.90","1,69,176","58,11,680","63.55"
"ITC","EQ","13-Jan-2025","444.90","435.00","444.00","435.00","439.00","439.05","440.27","1,77,99,607","7,83,66,65,097.95","1,72,276","1,28,49,941","72.19"
"ITC","EQ","14-Jan-2025","439.05","441.00","441.50","435.85","436.95","436.60","438.04","1,80,48,459","7,90,59,15,833.35","2,33,131","1,15,03,124","63.73"
"ITC","EQ","15-Jan-2025","436.60","436.60","441.80","435.35","437.00","437.35","437.99","97,86,805","4,28,65,12,512.75","1,23,376","62,53,307","63.90"
"ITC","EQ","16-Jan-2025","437.35","438.05","439.45","431.10","432.90","432.85","432.62","1,57,74,070","6,82,41,78,083.40","1,97,000","97,76,135","61.98"
"ITC","EQ","17-Jan-2025","432.85","433.00","441.80","432.50","439.65","440.20","438.78","1,12,70,061","4,94,51,04,351.05","1,19,845","73,48,281","65.20"
"ITC","EQ","20-Jan-2025","440.20","439.00","441.20","436.00","437.45","437.70","437.61","87,42,771","3,82,59,27,431.85","1,52,896","62,68,998","71.70"
"ITC","EQ","21-Jan-2025","437.70","438.00","447.00","435.25","437.95","437.55","440.22","1,56,86,500","6,90,54,71,880.05","2,16,692","58,53,952","37.32"
"ITC","EQ","22-Jan-2025","437.55","439.90","441.95","436.55","436.75","437.00","438.79","96,19,648","4,22,09,97,156.10","1,33,708","55,67,099","57.87"
"ITC","EQ","23-Jan-2025","437.00","435.00","441.85","434.10","440.45","440.20","439.59","88,88,248","3,90,71,65,756.85","1,31,321","47,53,594","53.48"
"ITC","EQ","24-Jan-2025","440.20","439.40","445.00","439.05","441.40","441.60","442.53","96,65,384","4,27,72,28,029.70","1,41,694","60,70,113","62.80"
"ITC","EQ","27-Jan-2025","441.60","440.80","445.00","436.55","439.90","440.10","440.42","1,04,80,203","4,61,56,46,516.45","1,55,397","62,86,459","59.98"
"ITC","EQ","28-Jan-2025","440.10","440.00","441.80","434.50","434.65","435.45","437.14","2,08,13,072","9,09,82,82,699.20","1,74,411","1,25,57,031","60.33"
"ITC","EQ","29-Jan-2025","435.45","435.95","437.50","430.10","433.25","433.35","433.19","1,51,58,510","6,56,64,56,115.00","2,70,156","99,59,829","65.70"
"ITC","EQ","30-Jan-2025","433.35","433.00","438.00","431.45","436.00","436.20","434.97","2,24,96,695","9,78,54,77,722.40","2,06,602","1,54,95,715","68.88"
"ITC","EQ","31-Jan-2025","436.20","436.50","448.20","435.10","447.70","447.50","443.74","1,35,46,181","6,01,10,29,618.05","2,92,498","95,67,680","70.63"
"ITC","EQ","01-Feb-2025","447.50","448.00","471.50","439.55","461.55","462.55","459.22","3,03,93,007","13,95,70,38,228.10","3,08,264","1,27,37,210","41.91"
"ITC","EQ","03-Feb-2025","462.55","462.00","465.20","452.30","453.50","454.35","457.77","1,69,91,730","7,77,82,30,238.50","2,78,444","96,27,342","56.66"
"ITC","EQ","04-Feb-2025","454.35","458.00","460.35","448.75","454.30","455.15","454.39","1,89,23,681","8,59,86,91,176.90","2,19,082","1,08,06,930","57.11"
"ITC","EQ","05-Feb-2025","455.15","455.15","455.85","446.50","448.50","448.15","450.02","1,28,36,283","5,77,65,23,794.20","1,55,466","82,54,209","64.30"
"ITC","EQ","06-Feb-2025","448.15","450.00","450.00","438.20","442.75","441.10","441.65","1,74,69,129","7,71,52,80,524.95","1,64,798","1,00,73,598","57.67"
"ITC","EQ","07-Feb-2025","441.10","440.00","445.50","428.40","430.10","430.85","432.24","1,88,75,982","8,15,88,60,785.30","2,12,183","1,11,01,522","58.81"
"ITC","EQ","10-Feb-2025","430.85","427.00","433.30","426.50","427.70","427.20","428.76","1,22,27,140","5,24,24,93,795.80","1,56,939","81,94,600","67.02"
"ITC","EQ","11-Feb-2025","427.20","428.80","430.55","417.50","418.05","418.30","421.57","1,42,88,751","6,02,37,50,310.80","1,87,384","87,33,094","61.12"
"ITC","EQ","12-Feb-2025","418.30","413.15","413.80","407.60","411.20","409.90","410.36","1,38,84,574","5,69,76,74,234.65","2,07,478","76,71,814","55.25"
"ITC","EQ","13-Feb-2025","409.90","409.95","413.95","409.00","410.00","409.70","411.14","1,29,89,029","5,34,03,10,573.90","1,85,598","85,40,154","65.75"
"ITC","EQ","14-Feb-2025","409.70","411.75","416.20","408.40","410.00","410.25","411.41","1,41,24,236","5,81,08,70,731.00","1,99,616","76,52,472","54.18"
"ITC","EQ","17-Feb-2025","410.25","409.80","411.40","406.75","408.60","408.60","408.96","1,19,75,265","4,89,74,17,889.10","2,85,419","78,52,631","65.57"
"ITC","EQ","18-Feb-2025","408.60","408.00","410.85","404.00","404.90","405.25","406.53","1,29,98,403","5,28,42,37,636.80","2,08,753","96,52,056","74.26"
"ITC","EQ","19-Feb-2025","405.25","404.80","408.80","404.50","406.20","406.40","406.89","70,79,032","2,88,04,11,815.90","88,693","43,59,885","61.59"
"ITC","EQ","20-Feb-2025","406.40","399.95","403.90","396.20","402.00","402.05","401.31","1,53,55,585","6,16,23,79,397.35","2,26,856","89,37,485","58.20"
"ITC","EQ","21-Feb-2025","402.05","402.05","403.25","399.20","400.70","400.90","400.75","82,40,986","3,30,25,44,309.75","1,75,217","50,15,724","60.86"
"ITC","EQ","24-Feb-2025","400.90","400.00","403.40","398.75","402.00","401.90","401.96","70,37,625","2,82,88,32,996.75","1,21,155","41,55,102","59.04"
"ITC","EQ","25-Feb-2025","401.90","402.00","407.00","400.50","404.00","404.85","404.11","1,57,60,891","6,36,90,71,142.95","1,38,641","1,09,91,293","69.74"
"ITC","EQ","27-Feb-2025","404.85","404.85","406.50","399.50","401.50","401.60","401.75","1,90,51,003","7,65,36,97,871.25","1,63,369","1,51,11,793","79.32"
"ITC","EQ","28-Feb-2025","401.60","399.00","402.50","392.20","395.90","395.00","394.79","3,19,54,776","12,61,54,32,840.90","2,44,503","2,41,84,137","75.68"
"ITC","BL","28-Feb-2025","481.60","401.60","401.60","401.60","401.60","401.60","401.60","26,55,000","1,06,62,48,000.00","1","-","-"
"ITC","EQ","03-Mar-2025","395.00","395.95","399.00","391.20","397.00","397.45","396.98","1,07,02,826","4,24,87,73,535.65","1,69,634","69,93,828","65.35"
"ITC","EQ","04-Mar-2025","397.45","395.40","397.20","392.85","394.45","394.85","394.38","1,34,04,774","5,28,65,94,132.80","1,54,199","94,85,838","70.76"
"ITC","EQ","05-Mar-2025","394.85","394.50","412.75","394.50","409.20","405.05","399.82","1,56,65,018","6,26,31,65,318.05","1,69,098","1,04,71,994","66.85"
"ITC","EQ","06-Mar-2025","405.05","409.15","409.70","400.55","406.20","405.70","403.66","1,78,69,996","7,21,34,83,492.20","1,70,718","98,56,354","55.16"
"ITC","EQ","07-Mar-2025","405.70","403.55","405.85","401.70","403.75","403.90","403.66","1,11,80,761","4,51,31,90,673.15","1,29,975","83,16,240","74.38"
"ITC","EQ","10-Mar-2025","403.90","401.05","406.85","400.40","404.80","405.00","404.70","97,85,018","3,96,00,32,837.25","1,14,078","68,41,881","69.92"
"ITC","EQ","11-Mar-2025","405.00","401.50","408.40","401.20","406.20","406.20","406.58","1,10,99,475","4,51,27,93,431.70","1,16,862","71,73,525","64.63"
"ITC","EQ","12-Mar-2025","406.20","406.40","413.30","404.00","412.55","412.40","409.75","1,38,44,306","5,67,27,66,834.60","99,237","98,38,272","71.06"
"ITC","EQ","13-Mar-2025","412.40","413.00","414.40","408.20","411.45","412.05","412.40","81,96,569","3,38,02,86,305.70","1,22,083","41,19,199","50.26"
"ITC","EQ","17-Mar-2025","412.05","413.00","416.25","407.00","407.80","407.95","409.81","52,57,859","2,15,47,06,809.40","87,899","30,32,615","57.68"
"ITC","EQ","18-Mar-2025","407.95","410.00","411.95","407.75","409.50","409.10","409.50","1,38,61,897","5,67,65,00,784.85","1,06,364","88,63,863","63.94"
"ITC","EQ","19-Mar-2025","409.10","410.00","410.75","402.60","403.40","403.05","404.51","1,28,30,387","5,18,99,84,214.60","1,35,494","83,44,379","65.04"
"ITC","EQ","20-Mar-2025","403.05","405.00","406.65","401.90","403.60","403.95","403.50","1,69,94,037","6,85,71,53,651.65","1,25,979","1,09,43,546","64.40"
"ITC","EQ","21-Mar-2025","403.95","405.95","407.50","401.70","406.50","405.55","404.10","2,53,02,035","10,22,46,18,507.85","1,30,427","1,82,19,840","72.01"
"ITC","EQ","24-Mar-2025","405.55","407.00","412.85","405.60","411.00","410.90","409.64","1,43,62,572","5,88,35,05,695.50","1,38,703","95,32,216","66.37"
"ITC","EQ","25-Mar-2025","410.90","412.00","415.25","408.70","409.20","409.80","411.17","2,03,38,110","8,36,24,11,027.50","1,38,414","1,12,39,980","55.27"
"ITC","EQ","26-Mar-2025","409.80","410.30","411.20","406.25","407.40","407.35","409.03","1,38,91,436","5,68,19,50,426.05","1,03,317","92,85,307","66.84"
"ITC","EQ","27-Mar-2025","407.35","408.00","410.70","405.65","409.35","409.45","409.35","1,86,42,328","7,63,12,35,472.20","1,53,590","1,32,35,557","71.00"
"ITC","EQ","28-Mar-2025","409.45","410.90","415.60","408.15","410.25","409.75","410.91","1,29,81,873","5,33,44,43,057.90","1,14,689","76,34,889","58.81"
"ITC","EQ","01-Apr-2025","409.75","409.80","414.40","405.60","406.60","406.65","409.28","1,52,06,240","6,22,36,51,577.60","1,27,499","82,01,108","53.93"
"ITC","EQ","02-Apr-2025","406.65","407.05","410.00","406.05","408.70","409.05","408.65","80,01,323","3,26,97,11,918.80","72,562","54,12,194","67.64"
"ITC","EQ","03-Apr-2025","409.05","407.05","410.20","406.70","409.00","409.40","408.93","70,59,566","2,88,68,81,314.85","78,934","47,02,784","66.62"
"ITC","EQ","04-Apr-2025","409.40","407.50","412.80","404.50","409.30","409.70","409.44","1,86,27,592","7,62,67,98,175.75","1,49,408","1,28,12,576","68.78"
"ITC","EQ","07-Apr-2025","409.70","390.15","408.10","390.15","406.75","406.05","403.02","2,67,62,866","10,78,58,70,136.45","3,07,280","1,69,77,851","63.44"
"ITC","EQ","08-Apr-2025","406.05","411.90","415.80","407.25","413.50","412.55","411.57","1,86,00,796","7,65,54,92,505.50","2,34,584","1,00,61,168","54.09"
"ITC","EQ","09-Apr-2025","412.55","413.00","419.05","411.25","416.15","416.30","416.41","2,17,85,572","9,07,16,50,104.35","2,42,191","1,40,69,801","64.58"
"ITC","EQ","11-Apr-2025","416.30","420.00","422.45","417.00","422.00","421.55","420.40","89,39,356","3,75,80,63,114.55","98,015","55,69,100","62.30"
"ITC","EQ","15-Apr-2025","421.55","429.20","429.20","419.00","420.35","420.40","421.35","1,16,85,880","4,92,38,48,655.80","1,29,742","71,32,688","61.04"
"ITC","EQ","16-Apr-2025","420.40","418.00","426.05","418.00","424.90","424.45","423.29","1,30,34,594","5,51,74,51,893.15","1,15,189","96,98,883","74.41"
"ITC","EQ","17-Apr-2025","424.45","425.00","427.85","421.55","427.00","427.25","425.37","2,24,10,217","9,53,26,79,412.90","2,22,404","1,66,23,608","74.18"
"ITC","EQ","21-Apr-2025","427.25","428.05","429.10","421.50","422.95","422.85","422.51","2,73,88,236","11,57,18,85,187.30","2,18,049","1,98,51,848","72.48"
"ITC","EQ","22-Apr-2025","422.85","425.95","434.80","423.55","432.85","433.60","427.96","3,20,31,936","13,70,84,85,407.15","1,67,601","2,30,87,946","72.08"
"ITC","EQ","23-Apr-2025","433.60","436.20","437.45","428.85","430.15","430.85","431.14","1,95,66,317","8,43,59,17,733.65","1,44,472","1,41,87,075","72.51"
"ITC","EQ","24-Apr-2025","430.85","431.85","436.05","429.30","429.85","430.05","431.79","2,60,64,089","11,25,41,47,788.10","1,34,018","1,75,81,729","67.46"
"ITC","EQ","25-Apr-2025","430.05","430.05","432.70","423.30","427.60","427.80","425.99","2,29,44,377","9,77,40,87,061.50","1,20,877","1,65,24,926","72.02"
"ITC","EQ","28-Apr-2025","427.80","426.65","430.50","424.75","428.75","428.80","428.56","62,87,095","2,69,44,27,013.85","73,016","36,10,000","57.42"
"ITC","EQ","29-Apr-2025","428.80","428.90","429.60","425.00","425.35","426.00","426.31","1,11,89,930","4,77,03,31,679.80","2,28,223","75,39,064","67.37"
"ITC","EQ","30-Apr-2025","426.00","427.40","429.30","422.00","425.00","425.80","426.72","1,00,26,546","4,27,85,52,724.80","1,97,832","67,54,269","67.36"
"ITC","EQ","02-May-2025","425.80","424.10","431.50","424.10","429.30","430.25","428.82","1,27,69,461","5,47,58,58,517.65","1,15,137","92,00,332","72.05"
"ITC","EQ","05-May-2025","430.25","430.25","438.50","429.35","437.50","436.95","436.11","1,15,25,305","5,02,63,39,793.80","1,17,066","78,23,299","67.88"
"ITC","EQ","06-May-2025","436.95","437.50","439.65","433.00","433.20","435.55","436.24","1,50,26,568","6,55,51,76,631.90","1,33,609","1,15,24,996","76.70"
"ITC","EQ","07-May-2025","435.55","433.40","435.00","429.70","430.15","431.15","431.77","97,10,361","4,19,26,56,819.60","1,48,037","64,27,443","66.19"
"ITC","EQ","08-May-2025","431.15","429.00","431.50","423.55","429.40","430.60","428.99","1,99,37,960","8,55,31,17,657.75","1,73,524","1,21,97,943","61.18"
"ITC","EQ","09-May-2025","430.60","425.95","429.15","423.00","424.00","423.55","425.58","82,26,512","3,50,10,26,096.65","1,34,382","58,24,958","70.81"
"ITC","EQ","12-May-2025","423.55","429.50","436.20","428.15","435.10","435.50","433.63","80,31,891","3,48,28,63,921.65","78,145","51,15,462","63.69"
"ITC","EQ","13-May-2025","435.50","434.90","437.95","425.35","427.90","427.90","429.47","1,49,76,369","6,43,19,40,112.45","1,53,294","76,42,356","51.03"
"ITC","EQ","14-May-2025","427.90","427.10","431.85","425.90","429.05","429.10","428.65","95,57,309","4,09,67,82,375.45","96,326","64,64,062","67.63"
"ITC","EQ","15-May-2025","429.10","429.10","435.40","426.00","432.00","432.65","431.14","2,42,63,510","10,46,09,38,250.10","1,73,965","1,33,67,091","55.09"
"ITC","EQ","16-May-2025","432.65","434.90","436.20","432.10","435.60","435.70","434.74","1,64,02,035","7,13,06,84,218.55","1,05,849","1,23,42,349","75.25"
"ITC","EQ","19-May-2025","435.70","435.00","438.50","432.65","436.10","435.35","435.00","75,43,854","3,28,15,49,026.60","1,04,429","46,52,199","61.67"
"ITC","EQ","20-May-2025","435.35","437.00","440.80","432.90","435.40","434.90","436.58","98,68,414","4,30,83,92,163.40","1,03,234","50,67,871","51.35"
"ITC","EQ","21-May-2025","434.90","436.60","438.20","432.00","432.40","433.00","435.04","57,76,672","2,51,31,03,067.75","64,175","32,74,563","56.69"
"ITC","EQ","22-May-2025","433.00","433.00","433.00","422.90","425.50","426.10","425.53","1,94,51,749","8,27,73,12,766.40","1,72,555","1,19,45,737","61.41"
"ITC","EQ","23-May-2025","426.10","434.00","439.00","429.00","436.00","436.30","435.32","1,85,36,884","8,06,94,22,032.25","1,80,589","80,64,365","43.50"
"ITC","EQ","26-May-2025","436.30","438.25","443.55","436.75","442.90","442.90","440.19","1,31,07,662","5,76,98,28,393.55","1,07,919","82,63,136","63.04"
"ITC","EQ","27-May-2025","442.90","442.90","444.20","430.85","434.70","433.90","436.39","2,69,86,022","11,77,63,31,084.90","2,24,458","1,53,17,656","56.76"
"ITC","EQ","28-May-2025","433.90","417.70","422.60","413.00","421.00","420.20","415.08","43,18,51,622","1,79,25,50,83,660.80","4,13,487","32,41,48,854","75.06"
"ITC","EQ","29-May-2025","420.20","422.00","422.80","416.60","419.35","418.75","418.44","2,14,78,547","8,98,74,65,219.90","2,01,763","1,40,32,235","65.33"
"ITC","EQ","30-May-2025","418.75","419.10","420.05","416.40","418.75","418.05","417.87","3,06,56,239","12,81,01,87,425.40","1,59,932","2,17,72,343","71.02"
"ITC","EQ","02-Jun-2025","418.05","418.30","420.45","414.55","418.50","419.30","418.16","1,49,73,380","6,26,12,14,003.60","1,65,410","90,23,989","60.27"
"ITC","EQ","03-Jun-2025","419.30","419.00","421.70","415.65","417.00","416.95","418.03","1,32,16,486","5,52,49,19,470.20","1,40,901","72,16,414","54.60"
"ITC","EQ","04-Jun-2025","416.95","417.15","419.00","415.95","416.80","417.00","417.14","1,25,98,933","5,25,55,34,433.40","1,16,476","81,89,047","65.00"
"ITC","EQ","05-Jun-2025","417.00","418.50","420.95","415.75","419.45","419.10","418.56","1,32,12,523","5,53,02,48,629.80","1,25,958","70,71,012","53.52"
"ITC","EQ","06-Jun-2025","419.10","420.30","421.30","419.00","421.05","421.05","420.36","87,74,988","3,68,86,50,527.20","1,35,147","58,98,430","67.22"
"ITC","EQ","09-Jun-2025","421.05","422.00","423.60","420.50","423.00","423.05","422.61","1,04,73,123","4,42,60,07,949.65","1,52,980","76,58,622","73.13"
"ITC","EQ","10-Jun-2025","423.05","424.50","428.55","423.05","427.65","427.00","426.58","1,30,41,075","5,56,30,34,401.50","1,70,097","90,43,141","69.34"
"ITC","EQ","11-Jun-2025","427.00","428.00","428.10","424.85","425.55","426.15","426.47","2,07,89,182","8,86,60,64,896.50","1,48,079","1,69,68,873","81.62"
"ITC","EQ","12-Jun-2025","426.15","427.00","427.20","419.55","420.95","421.00","421.78","1,85,08,835","7,80,66,98,998.50","2,50,912","1,04,88,398","56.67"
"ITC","EQ","13-Jun-2025","421.00","415.00","419.35","413.50","413.95","413.90","416.29","1,78,73,926","7,44,07,50,348.70","1,63,341","1,33,75,911","74.83"
"ITC","EQ","16-Jun-2025","413.90","414.95","418.90","413.25","418.65","418.20","417.32","70,06,629","2,92,40,40,280.95","1,01,302","43,49,629","62.08"
"ITC","EQ","17-Jun-2025","418.20","418.10","419.05","415.70","417.05","417.40","417.33","90,28,406","3,76,77,81,671.25","1,15,094","59,75,840","66.19"
"ITC","EQ","18-Jun-2025","417.40","417.00","418.45","414.90","415.60","415.90","416.11","80,36,215","3,34,39,60,493.95","1,26,035","55,67,601","69.28"
"ITC","EQ","19-Jun-2025","415.90","415.65","418.25","414.80","415.80","416.00","416.72","1,26,01,006","5,25,11,07,254.85","91,846","83,57,802","66.33"
"ITC","EQ","20-Jun-2025","416.00","416.00","419.50","416.00","417.25","418.55","418.46","1,32,03,184","5,52,49,85,516.30","1,10,675","99,18,802","75.12"
"ITC","EQ","23-Jun-2025","418.55","417.00","417.50","411.75","413.40","413.90","415.00","1,48,39,890","6,15,85,08,971.45","1,71,311","1,01,01,657","68.07"
"ITC","EQ","24-Jun-2025","413.90","416.90","420.65","413.75","414.55","414.35","416.39","1,66,90,068","6,94,95,18,762.75","2,01,406","1,01,67,805","60.92"
"ITC","EQ","25-Jun-2025","414.35","416.40","418.15","415.10","416.10","416.35","416.89","99,46,718","4,14,67,14,301.45","1,50,780","70,12,871","70.50"
"ITC","EQ","26-Jun-2025","416.35","417.20","420.90","416.25","420.00","420.30","418.46","1,37,03,918","5,73,45,31,592.15","2,48,476","87,76,093","64.04"
"ITC","EQ","27-Jun-2025","420.30","421.00","422.00","417.80","420.00","418.65","419.38","2,14,09,935","8,97,88,30,736.00","1,38,937","1,67,14,118","78.07"
"ITC","EQ","30-Jun-2025","418.65","419.80","420.75","415.80","416.30","416.45","417.37","1,23,17,124","5,14,07,85,633.05","1,45,533","92,40,659","75.02"
"ITC","EQ","01-Jul-2025","416.45","417.00","418.85","414.90","415.10","415.10","416.37","1,36,70,465","5,69,19,10,423.45","1,35,207","1,02,29,290","74.83"
"ITC","EQ","02-Jul-2025","415.10","416.90","416.90","411.70","413.20","412.95","413.58","1,59,90,899","6,61,34,37,048.00","1,48,675","1,16,78,799","73.03"
"ITC","EQ","03-Jul-2025","412.95","414.00","416.00","411.25","413.90","413.35","413.57","1,41,85,298","5,86,66,30,211.25","1,42,804","79,90,645","56.33"
"ITC","EQ","04-Jul-2025","413.35","414.90","415.00","411.75","412.70","412.55","412.80","82,56,733","3,40,83,42,585.95","1,03,880","52,73,419","63.87"
"ITC","EQ","07-Jul-2025","412.55","413.00","417.20","412.00","416.50","416.15","415.88","68,45,218","2,84,68,07,822.50","1,20,392","41,58,017","60.74"
"ITC","EQ","08-Jul-2025","416.15","416.15","418.10","414.65","418.00","417.20","416.46","68,07,192","2,83,49,24,838.55","76,566","44,23,626","64.98"
"ITC","EQ","09-Jul-2025","417.20","416.20","420.30","415.45","419.10","419.45","419.08","99,30,533","4,16,16,51,352.25","1,46,808","66,94,458","67.41"
"ITC","EQ","10-Jul-2025","419.45","420.30","420.30","416.40","416.65","416.85","417.61","62,20,360","2,59,76,61,683.25","76,333","37,26,003","59.90"
"ITC","EQ","11-Jul-2025","416.85","417.00","418.05","415.50","416.65","416.80","416.92","85,78,844","3,57,67,13,516.45","96,778","59,38,413","69.22"
"ITC","EQ","14-Jul-2025","416.80","417.05","419.95","416.55","419.35","419.40","418.90","68,96,989","2,88,91,23,352.95","94,592","48,50,678","70.33"
"ITC","EQ","15-Jul-2025","419.40","420.90","422.40","419.00","422.30","422.10","421.37","85,32,755","3,59,54,25,226.20","1,12,643","55,65,660","65.23"
"ITC","EQ","16-Jul-2025","422.10","422.10","425.45","420.30","424.40","424.60","423.52","97,80,773","4,14,23,30,034.65","91,064","72,07,565","73.69"
"ITC","EQ","17-Jul-2025","424.60","425.80","425.90","423.00","423.25","423.95","424.62","72,40,795","3,07,46,22,256.70","85,266","44,23,015","61.08"
"ITC","EQ","18-Jul-2025","423.95","425.20","425.20","420.10","422.00","422.75","422.22","67,30,256","2,84,16,42,514.05","82,551","42,59,084","63.28"
"ITC","EQ","21-Jul-2025","422.75","422.00","422.75","418.40","420.30","420.10","420.55","48,22,343","2,02,80,12,485.95","85,747","27,01,240","56.02"
"ITC","EQ","22-Jul-2025","420.10","420.10","420.40","415.20","415.95","416.00","416.82","98,69,507","4,11,38,26,380.95","1,17,437","73,64,729","74.62"
"ITC","EQ","23-Jul-2025","416.00","417.10","417.90","414.00","415.00","414.95","415.04","1,21,96,187","5,06,18,66,238.40","99,775","93,63,897","76.78"
"ITC","EQ","24-Jul-2025","414.95","415.85","415.85","409.45","410.00","409.95","411.42","90,05,157","3,70,48,82,523.95","1,32,378","59,99,945","66.63"
"ITC","EQ","25-Jul-2025","409.95","410.00","410.25","407.75","409.60","409.40","409.17","58,24,089","2,38,30,43,433.05","1,00,941","38,99,862","66.96"
"ITC","EQ","28-Jul-2025","409.40","410.80","410.85","408.60","409.80","409.90","409.88","81,23,337","3,32,95,57,179.75","86,106","53,21,561","65.51"
"ITC","EQ","29-Jul-2025","409.90","410.00","411.40","408.00","408.20","408.45","409.30","68,11,772","2,78,80,74,823.55","97,448","40,09,213","58.86"
"ITC","EQ","30-Jul-2025","408.45","409.00","409.30","405.75","407.80","407.60","407.37","1,09,15,863","4,44,68,03,251.75","1,02,742","76,90,447","70.45"
"ITC","EQ","31-Jul-2025","407.60","405.95","414.00","405.55","411.70","411.95","410.46","1,93,64,174","7,94,81,30,344.70","1,45,541","1,31,66,048","67.99"
"ITC","EQ","01-Aug-2025","411.95","412.40","419.35","411.80","416.60","416.45","416.54","1,43,24,065","5,96,65,72,601.75","1,43,905","86,62,368","60.47"
"ITC","EQ","04-Aug-2025","416.45","420.20","422.50","415.10","416.65","416.85","417.96","1,83,52,458","7,67,05,04,419.40","3,46,053","1,28,66,158","70.11"
"ITC","EQ","05-Aug-2025","416.85","417.20","417.95","413.00","413.80","414.15","414.33","84,95,104","3,51,97,98,904.05","1,47,684","58,15,167","68.45"
"ITC","EQ","06-Aug-2025","414.15","414.15","415.00","410.50","412.20","412.00","411.74","90,80,543","3,73,88,41,645.30","1,23,746","58,45,492","64.37"
"ITC","EQ","07-Aug-2025","412.00","412.00","414.75","411.65","413.80","413.60","413.34","1,15,14,878","4,75,95,38,600.10","1,07,647","79,47,946","69.02"
"ITC","EQ","08-Aug-2025","413.60","413.90","415.35","412.95","414.45","414.50","414.32","98,14,361","4,06,62,50,194.90","95,336","67,07,257","68.34"
"ITC","EQ","11-Aug-2025","414.50","414.50","417.00","414.00","417.00","416.85","416.05","85,14,272","3,54,23,55,434.80","1,11,986","58,06,325","68.20"
"ITC","EQ","12-Aug-2025","416.85","417.00","419.80","415.30","416.10","416.35","417.43","1,36,35,738","5,69,20,02,511.40","1,05,553","94,86,988","69.57"
"ITC","EQ","13-Aug-2025","416.35","417.20","417.50","413.60","414.20","414.10","414.82","1,08,74,910","4,51,10,79,760.80","86,765","78,58,050","72.26"
"ITC","EQ","14-Aug-2025","414.10","414.25","415.05","411.00","411.45","411.45","412.48","95,80,361","3,95,16,69,337.50","1,22,767","63,74,688","66.54"
"ITC","EQ","18-Aug-2025","411.45","413.00","413.70","404.85","405.30","406.30","408.70","3,09,50,814","12,64,96,59,054.30","1,93,343","2,54,31,261","82.17"
"ITC","EQ","19-Aug-2025","406.30","406.35","409.40","404.50","409.10","409.10","406.86","1,66,81,331","6,78,69,12,397.30","1,75,005","1,23,30,175","73.92"
"ITC","EQ","20-Aug-2025","409.10","409.10","410.25","405.45","406.25","406.05","407.87","1,81,88,129","7,41,84,16,584.55","1,58,846","1,45,53,383","80.02"
"ITC","EQ","21-Aug-2025","406.05","406.05","406.85","403.35","406.00","405.55","405.69","1,50,28,966","6,09,71,00,177.45","1,82,931","97,38,849","64.80"
"ITC","EQ","22-Aug-2025","405.55","406.00","406.50","397.50","398.30","398.30","399.91","1,30,87,624","5,23,38,81,432.80","2,04,639","89,47,365","68.37"
"ITC","EQ","25-Aug-2025","398.30","399.00","400.55","396.25","399.15","399.35","399.17","1,04,40,286","4,16,74,97,911.50","1,42,577","71,90,743","68.87"
"ITC","EQ","26-Aug-2025","399.35","399.30","405.40","398.40","403.35","403.35","402.30","1,37,15,752","5,51,78,42,190.00","1,80,641","94,37,000","68.80"
"ITC","EQ","28-Aug-2025","403.35","404.50","404.50","400.00","400.80","400.90","401.40","1,24,71,719","5,00,61,14,050.00","1,65,609","85,46,436","68.53"
"ITC","EQ","29-Aug-2025","400.90","402.00","410.45","401.90","409.50","409.75","407.54","2,52,55,050","10,29,25,36,558.90","1,52,907","1,90,19,266","75.31"
"ITC","EQ","01-Sep-2025","409.75","409.75","410.20","405.00","405.55","405.85","406.32","1,22,68,090","4,98,47,83,795.80","1,69,790","86,27,807","70.33"
"ITC","EQ","02-Sep-2025","405.85","406.55","407.85","404.45","407.00","406.75","406.37","1,98,08,255","8,04,95,46,791.50","2,24,334","1,34,10,269","67.70"
"ITC","EQ","03-Sep-2025","406.75","408.50","413.25","407.30","411.10","411.75","410.55","1,29,36,588","5,31,11,34,586.60","1,18,422","83,67,495","64.68"
"ITC","EQ","04-Sep-2025","411.75","423.95","427.00","415.00","415.75","415.90","418.56","2,72,74,123","11,41,58,87,821.05","2,71,564","1,63,95,824","60.11"
"ITC","EQ","05-Sep-2025","415.90","416.90","417.00","404.40","407.90","407.35","406.82","1,60,00,675","6,50,94,28,201.45","2,13,298","89,34,303","55.84"
"ITC","EQ","08-Sep-2025","407.35","407.45","410.55","406.80","408.40","407.55","408.21","74,19,022","3,02,85,06,105.15","1,13,635","44,16,168","59.52"
"ITC","EQ","09-Sep-2025","407.55","408.50","410.95","407.40","410.00","410.05","409.78","88,25,896","3,61,66,92,854.60","88,691","58,63,268","66.43"
"ITC","EQ","10-Sep-2025","410.05","411.00","413.70","408.95","413.00","413.05","411.25","92,52,397","3,80,50,55,609.05","1,41,806","66,28,182","71.64"
"ITC","EQ","11-Sep-2025","413.05","413.05","416.70","412.45","415.35","415.05","415.51","82,74,406","3,43,80,66,391.55","1,95,524","56,39,007","68.15"
"ITC","EQ","12-Sep-2025","415.05","415.35","417.05","412.85","413.55","413.75","414.89","78,03,379","3,23,75,50,924.50","78,225","51,39,596","65.86"
"ITC","EQ","15-Sep-2025","413.75","413.05","414.30","411.75","412.80","412.65","413.05","57,07,331","2,35,74,18,512.55","91,972","35,10,955","61.52"
"ITC","EQ","16-Sep-2025","412.65","413.20","414.35","412.00","413.65","413.10","413.12","82,39,087","3,40,37,29,371.05","97,899","48,73,272","59.15"
"ITC","BL","16-Sep-2025","401.60","412.65","412.65","412.65","412.65","412.65","412.65","5,90,933","24,38,48,502.45","1","-","-"
"ITC","EQ","17-Sep-2025","413.10","413.95","414.60","408.05","410.05","409.30","410.17","1,41,13,882","5,78,91,28,854.55","1,47,228","97,25,314","68.91"
"ITC","BL","18-Sep-2025","412.65","409.30","409.30","409.30","409.30","409.30","409.30","6,45,111","26,40,43,932.30","1","-","-"
"ITC","EQ","18-Sep-2025","409.30","411.35","413.05","410.10","412.50","411.55","411.51","1,56,47,808","6,43,92,99,773.30","1,05,500","1,10,51,490","70.63"
"ITC","EQ","19-Sep-2025","411.55","411.55","412.60","408.95","410.00","410.65","410.47","1,95,05,321","8,00,63,79,578.25","1,19,041","1,40,18,475","71.87"
"ITC","EQ","22-Sep-2025","410.65","410.65","411.00","406.05","407.00","406.95","408.02","89,30,779","3,64,39,75,296.25","1,28,779","62,49,765","69.98"
"ITC","EQ","23-Sep-2025","406.95","407.10","408.10","402.10","404.00","403.20","403.67","1,49,36,357","6,02,94,14,917.85","1,65,353","88,57,898","59.30"
"ITC","EQ","24-Sep-2025","403.20","403.20","404.65","400.70","401.00","401.00","401.65","1,23,80,865","4,97,28,36,129.35","1,17,613","97,52,591","78.77"
"ITC","EQ","25-Sep-2025","401.00","401.45","403.00","398.00","400.45","400.10","400.05","2,20,06,368","8,80,36,08,106.55","1,74,393","1,55,63,104","70.72"
"ITC","EQ","26-Sep-2025","400.10","400.10","405.90","399.80","405.00","405.10","403.62","1,44,14,044","5,81,77,82,528.90","1,20,767","90,38,880","62.71"
"ITC","EQ","29-Sep-2025","405.10","406.90","408.00","403.20","404.40","407.25","406.55","1,97,17,660","8,01,61,25,728.80","1,38,356","1,40,83,060","71.42"
"ITC","EQ","30-Sep-2025","407.25","406.75","406.75","400.40","401.70","401.55","402.22","94,65,490","3,80,71,99,569.50","1,35,011","58,53,103","61.84"
"ITC","EQ","01-Oct-2025","401.55","402.35","406.00","399.75","404.90","405.60","403.72","1,76,43,039","7,12,28,31,971.25","1,16,986","1,24,14,506","70.36"
"ITC","EQ","03-Oct-2025","405.60","404.90","405.50","402.30","404.60","404.30","404.32","1,69,87,141","6,86,82,13,808.30","1,19,898","1,33,99,155","78.88"
"ITC","EQ","06-Oct-2025","404.30","403.00","403.90","399.80","401.10","400.75","400.71","1,39,89,077","5,60,55,84,637.30","1,19,696","1,06,47,662","76.11"